{"_wandb":{"runtime":16807},"val_loss":1.221328344612204,"_timestamp":1.745102597922327e+09,"_step":4,"val_acc":57.06666666666667,"lr":0.0001,"train_acc":52.2911051212938,"epoch":4,"train_loss":0.1837620735168457,"_runtime":16805.996857}