{"_step":4,"_runtime":16817.443627,"val_loss":2.1115585039270686,"train_acc":28.268194070080863,"val_acc":29.933333333333334,"train_loss":2.031567096710205,"_timestamp":1.7450274883093498e+09,"epoch":4,"lr":0.0005,"_wandb":{"runtime":16818}}